{
  "users": [
    {
      "id": 1,
      "username": "admin",
      "password": "123456",
      "fullName": "Yönetici Kullanıcı",
      "email": "admin@adaso.com",
      "phone": "+90 322 123 45 67"
    }
  ],
  "companies": [
    {
      "id": 1,
      "company": "Örnek Teknoloji AŞ",
      "sector": "Teknoloji",
      "phone": "0322 123 45 67",
      "email": "info@ornektek.com",
      "contactPerson": "Ali Veli",
      "contactPhone": "0532 000 00 00",
      "address": "Adana Teknopark"
    }
  ],
  "visits": [
    {
      "id": 1,
      "date": "2025-09-01",
      "time": "10:30",
      "company": "Örnek Teknoloji AŞ",
      "visitor": "admin",
      "purpose": "Tanışma",
      "status": "completed",
      "notes": "İlk toplantı yapıldı",
      "detailedInfo": "Ürün demo gösterildi",
      "incomeAmount": 2500,
      "expenseAmount": 0,
      "financialDescription": "Satış avansı"
    }
  ]
}



